product_id,brand,name,gender,category,price,currency,color,image_url,product_url,composition,available,verified
ms-w-pure-linen-shirt,M&S,Pure Linen Shirt,Women,Shirts,40,£,Calico,"https://assets.digitalcontent.marksandspencer.app/images/w_2560%2Cq_auto%2Cf_auto/SD_01_T52_8745_EK_X_EC_0/Pure-Linen-Shirt","https://www.marksandspencer.com/pure-linen-shirt/p/clp60777917","100% linen",true,2026-10-07
ms-m-linen-rich-short-sleeve,M&S,Regular Fit Linen Rich Short Sleeve Shirt,Men,Shirts,28,£,White,"https://assets.digitalcontent.marksandspencer.app/images/w_2560%2Cq_auto%2Cf_auto/SD_03_T25_5053M_Z0_X_EC_0/Regular-Fit-Linen-Rich-Short-Sleeve-Shirt","https://www.marksandspencer.com/regular-fit-linen-rich-short-sleeve-shirt/p/clp60767449?color=WHITE","55% linen, 45% cotton",true,2026-10-07
ms-m-cotton-linen-striped,M&S,Cotton Linen Blend Striped Shirt,Men,Shirts,35,£,Ecru Mix,"https://assets.digitalcontent.marksandspencer.app/images/w_2560%2Cq_auto%2Cf_auto/SD_03_T25_2964M_NB_X_EC_0/Cotton-Linen-Blend-Striped-Shirt","https://www.marksandspencer.com/cotton-linen-blend-striped-shirt/p/clp61213882","52% linen, 48% cotton",true,2026-10-07
arket-m-regular-linen-white,ARKET,Regular Linen Shirt,Men,Shirts,55,£,White,"https://media.arket.com/assets/006/02/c7/02c702317d8d04331a526ae64675aa087015e1f6.jpg?imwidth=1200","https://www.arket.com/en-gb/product/linen-shirt-white-1325105001/","100% linen",true,2026-10-07
reiss-m-astra-cotton-twill,Reiss,Cotton-Twill Twin-Pocket Regular-Fit Shirt,Men,Shirts,128,£,Airforce Blue,"https://cdn.platform.next/common/items/default/default/itemimages/3_4Ratio/product/lge/V92200s.jpg?im=Resize%2Cwidth%3D900","https://www.reiss.com/style/sv111853/v92200","100% cotton",true,2026-10-07
ms-m-linen-garment-dye,M&S,Pure Linen Garment Dye Shirt,Men,Shirts,45,£,Teal,"https://assets.digitalcontent.marksandspencer.app/images/w_2560%2Cq_auto%2Cf_auto/SD_03_T25_0108M_NT_X_EC_0/Pure-Linen-Garment-Dye-Shirt","https://www.marksandspencer.com/pure-linen-shirt/p/clp60733999","100% linen",false,2026-10-07
example-synthetic,M&S,Example Wool Blend Jumper,Women,Knitwear,39.5,£,Grey,,,"49% acrylic, 27% polyamide, 14% cotton, 8% wool, 2% elastane",true,2026-10-07
example-modal,Example Brand,Example Linen Modal Shirt,Women,Shirts,49,£,Stone,,,"50% modal, 50% linen",true,2026-10-07
example-unknown,Example Brand,Example Unclear Top,Women,Tops,29,£,Black,,,"Cotton blend",true,2026-10-07
example-lining,Example Brand,Example Cotton Jacket,Men,Jackets,90,£,Navy,,,"Outer: 100% cotton. Lining: 100% polyester",true,2026-10-07
